1,Burk,Smullen,bsmullen0@loc.gov,373-725-6457,5/30/2003,Burk Smullen,782-446-2081
2,Jorry,Alexsandrev,jalexsandrev1@yelp.com,836-390-8089,9/21/1994,Jorry Alexsandrev,258-188-6088
3,Fayette,Alexsandrev,fgaish2@rakuten.co.jp,203-484-7325,3/28/1996,Fayette Gaish,601-587-4494
4,Alan,Alexsandrev,tcomsty3@bbc.co.uk,746-711-3849,5/14/2003,Troy Comsty,924-881-1475
5,Jerry,Yendall,jyendall4@topsy.com,986-796-7509,7/24/2010,Jerry Yendall,776-545-1317
6,Gnni,Shevell,gshevell5@imgur.com,757-387-4479,6/2/1998,Gnni Shevell,727-444-4772
7,Emylee,Lock,elock6@topsy.com,824-549-2837,6/6/1996,Emylee Lock,484-754-0682
8,Mitchell,Clewley,mclewley7@yale.edu,178-208-5274,4/14/2012,Mitchell Clewley,245-383-9942
9,Barr,Sharrock,bsharrock8@technorati.com,963-732-5028,9/12/1992,Barr Sharrock,410-106-9177
10,Homer,Pickavant,hpickavant9@google.ca,399-510-9215,9/11/1994,Homer Pickavant,605-245-2581
11,Deonne,Rawsthorn,drawsthorna@naver.com,629-774-6249,6/9/2013,Deonne Rawsthorn,218-912-6035
12,Johan,Marconi,jmarconib@gov.uk,135-292-7304,8/25/2010,Johan Marconi,763-642-1312
13,Clarice,Inchboard,cinchboardc@bbb.org,630-911-4515,8/26/2009,Clarice Inchboard,588-251-6565
14,Krissy,Dooney,kdooneyd@51.la,343-209-8482,10/2/2011,Krissy Dooney,614-719-6458
15,Cissiee,Aylmer,caylmere@ft.com,365-740-0901,3/19/2004,Cissiee Aylmer,580-185-0977
16,Melonie,Stoeck,mstoeckf@blogger.com,763-139-6550,5/17/2006,Melonie Stoeck,721-304-5842
17,Georges,Berkeley,gberkeleyg@163.com,472-454-8759,9/16/2000,Georges Berkeley,871-591-9285
18,Mame,Menhenitt,mmenhenitth@ovh.net,243-305-2682,7/26/2005,Mame Menhenitt,576-467-8143
19,Merridie,MacAnulty,mmacanultyi@cnn.com,182-531-6482,12/26/2000,Merridie MacAnulty,619-139-4861
20,Malissia,Pipping,mpippingj@miibeian.gov.cn,913-442-4737,3/9/1993,Malissia Pipping,258-507-3899
21,Merline,Dines,mdinesk@dell.com,403-156-9230,1/6/1994,Merline Dines,586-905-8514
22,Marylinda,Overill,moverilll@fda.gov,832-517-6677,9/15/1997,Marylinda Overill,611-521-3376
23,Dorie,Piotr,dpiotrm@uol.com.br,760-515-4325,2/10/2009,Dorie Piotr,749-887-0515
24,Bobbe,Tattersdill,btattersdilln@altervista.org,111-311-8100,4/17/2002,Bobbe Tattersdill,895-789-9037
25,Rana,Compford,rcompfordo@google.co.jp,333-576-7520,10/29/2014,Rana Compford,983-885-9531
26,Willem,Sheffield,wsheffieldp@loc.gov,858-556-2707,4/16/2012,Willem Sheffield,719-969-2594
27,Barbey,Timbs,btimbsq@fotki.com,247-817-3173,7/24/2007,Barbey Timbs,897-973-8387
28,Maudie,McArte,mmcarter@issuu.com,725-180-2356,4/14/2004,Maudie McArte,551-189-2649
29,Jonah,Wozencraft,jwozencrafts@amazon.co.jp,438-321-3802,1/9/2015,Jonah Wozencraft,642-321-3683
30,Zebadiah,Ebsworth,zebswortht@nps.gov,336-508-9771,3/25/1995,Zebadiah Ebsworth,380-983-0831
31,Amandie,Farmiloe,afarmiloeu@g.co,678-688-7066,6/5/2003,Amandie Farmiloe,715-911-7164
32,Irena,Rickard,irickardv@google.com.au,380-609-8988,10/21/2002,Irena Rickard,295-720-2425
33,Brocky,Dust,bdustw@drupal.org,482-549-6582,5/17/1996,Brocky Dust,659-144-1419
34,Carleton,Reay,creayx@diigo.com,921-351-2026,4/17/1994,Carleton Reay,425-751-5571
35,Ida,Cane,icaney@columbia.edu,565-295-5460,3/23/1997,Ida Cane,962-711-6288
36,Rollie,Van De Cappelle,rvanz@rediff.com,296-164-1665,2/23/1994,Rollie Van De Cappelle,143-656-5774
37,Constancy,Espie,cespie10@qq.com,792-993-8723,8/22/2011,Constancy Espie,341-300-0857
38,Faythe,Flook,fflook11@stumbleupon.com,982-549-4704,5/28/2012,Faythe Flook,348-718-1547
39,Ryley,Tolcher,rtolcher12@mit.edu,836-324-0703,12/3/2014,Ryley Tolcher,888-981-4313
40,Aili,Fenech,afenech13@theguardian.com,155-656-5889,5/18/1994,Aili Fenech,232-333-9507
41,Jonathan,Rex,jrex14@flavors.me,186-808-4806,7/12/2003,Jonathan Rex,671-198-9712
42,Jess,Foulkes,jfoulkes15@addtoany.com,300-222-8273,3/14/1999,Jess Foulkes,353-945-1377
43,Morton,Grebbin,mgrebbin16@toplist.cz,643-110-2464,8/25/1997,Morton Grebbin,527-389-0284
44,Tansy,Humberston,thumberston17@washingtonpost.com,490-689-4781,3/4/2011,Tansy Humberston,648-160-5134
45,Lorie,Blewmen,lblewmen18@gov.uk,558-617-1260,6/10/2009,Lorie Blewmen,626-691-4167
46,Carney,Sant,csant19@nhs.uk,350-192-4326,7/20/2002,Carney Sant,212-461-1623
47,Ike,De Francisci,ide1a@tmall.com,319-107-3451,5/10/1999,Ike De Francisci,915-259-5983
48,Harriet,Shellcross,hshellcross1b@reference.com,913-943-4034,8/13/2009,Harriet Shellcross,610-898-6095
49,Dare,Blackater,dblackater1c@tiny.cc,760-564-7077,11/3/2013,Dare Blackater,194-394-5028
50,Sherill,Calterone,scalterone1d@cdc.gov,191-684-3883,5/14/2008,Sherill Calterone,895-734-3767
51,Derward,Beever,dbeever1e@exblog.jp,198-189-7106,11/9/2002,Derward Beever,415-762-7983
52,Evyn,Akehurst,eakehurst1f@jiathis.com,800-951-6102,5/21/1996,Evyn Akehurst,182-325-7014
53,Annadiane,Rofe,arofe1g@storify.com,453-191-1955,9/18/1997,Annadiane Rofe,157-560-5651
54,Berty,Hurley,bhurley1h@cargocollective.com,585-526-0803,2/8/2013,Berty Hurley,965-259-8344
55,Kandace,Coslett,kcoslett1i@jalbum.net,704-262-5929,8/16/2011,Kandace Coslett,813-417-5497
56,Dal,Etchingham,detchingham1j@walmart.com,480-200-2787,11/2/1991,Dal Etchingham,695-145-9579
57,Channa,Paoloni,cpaoloni1k@nbcnews.com,657-234-2578,2/25/2011,Channa Paoloni,414-268-8059
58,Dulce,Elson,delson1l@sohu.com,174-797-8850,3/3/1994,Dulce Elson,428-954-5393
59,Carmel,Langridge,clangridge1m@ameblo.jp,936-887-7139,7/28/2006,Carmel Langridge,174-755-2447
60,Felecia,Bonson,fbonson1n@mapy.cz,953-809-4221,12/27/2006,Felecia Bonson,628-937-8859
61,Willie,Grishagin,wgrishagin1o@flickr.com,851-361-3022,11/20/2005,Willie Grishagin,763-528-7997
62,Ellissa,Detheridge,edetheridge1p@bloomberg.com,352-345-1802,4/5/2002,Ellissa Detheridge,931-152-6396
63,Wilmar,Moorcroft,wmoorcroft1q@youku.com,830-507-1538,10/31/1995,Wilmar Moorcroft,303-162-6853
64,Gavra,Alcalde,galcalde1r@bbb.org,632-453-3062,2/23/2004,Gavra Alcalde,316-869-1940
65,Sergent,de Broke,sde1s@qq.com,220-223-2682,5/5/1997,Sergent de Broke,588-792-7850
66,Ivett,Belliss,ibelliss1t@nydailynews.com,904-323-5524,10/6/2009,Ivett Belliss,365-586-4661
67,Babbette,Lardiner,blardiner1u@booking.com,203-770-5366,11/12/2005,Babbette Lardiner,907-689-6943
68,Elena,Shakesbye,eshakesbye1v@newsvine.com,659-325-4069,11/26/2011,Elena Shakesbye,655-518-6318
69,Lorenza,Stoaks,lstoaks1w@sogou.com,782-584-3196,7/10/2009,Lorenza Stoaks,772-299-6791
70,Mayer,Oxton,moxton1x@upenn.edu,960-422-7192,6/1/1998,Mayer Oxton,861-499-3703
71,Lillis,Mourant,lmourant1y@whitehouse.gov,786-382-0615,3/18/2011,Lillis Mourant,389-542-1413
72,Johanna,Bruun,jbruun1z@wired.com,998-572-0711,6/30/2000,Johanna Bruun,704-348-1172
73,Francisca,Hucker,fhucker20@github.com,959-996-3812,11/3/1994,Francisca Hucker,616-936-1331
74,Lloyd,Ierland,lierland21@newsvine.com,928-525-0794,1/31/2008,Lloyd Ierland,213-411-7698
75,Stefanie,Giamo,sgiamo22@cpanel.net,641-278-9258,9/26/2007,Stefanie Giamo,647-192-6339
76,Ferd,Beament,fbeament23@engadget.com,918-278-5296,3/1/2013,Ferd Beament,131-554-7376
77,Cherish,Hitschke,chitschke24@t-online.de,770-612-1058,8/30/1997,Cherish Hitschke,949-652-1725
78,Sherwood,Pllu,spllu25@opera.com,620-770-3357,10/26/2013,Sherwood Pllu,395-541-2087
79,Hagen,Fullwood,hfullwood26@harvard.edu,299-815-1568,6/15/2007,Hagen Fullwood,585-302-4848
80,Hermann,Dunbar,hdunbar27@uol.com.br,725-728-5760,9/27/2014,Hermann Dunbar,958-126-3105
81,Cathi,Kayne,ckayne28@cornell.edu,392-940-4225,6/17/1991,Cathi Kayne,341-738-4311
82,Engelbert,Bilbee,ebilbee29@ocn.ne.jp,102-288-0391,8/12/2013,Engelbert Bilbee,173-512-0390
83,Mollee,Keedy,mkeedy2a@weibo.com,496-203-9711,11/20/1992,Mollee Keedy,881-773-8315
84,Gibby,Top,gtop2b@goo.gl,917-159-0761,3/19/2001,Gibby Top,711-441-4642
85,Tildi,O'Connolly,toconnolly2c@squarespace.com,457-723-6892,9/27/1993,Tildi O'Connolly,152-115-2847
86,Roxanna,Snowball,rsnowball2d@yandex.ru,765-540-2786,6/24/2008,Roxanna Snowball,368-581-3296
87,Blithe,McLarens,bmclarens2e@github.io,591-999-4303,5/17/2010,Blithe McLarens,862-884-5651
88,Mahalia,Logsdale,mlogsdale2f@techcrunch.com,955-962-4869,4/10/2007,Mahalia Logsdale,625-539-7986
89,Peterus,Glascott,pglascott2g@liveinternet.ru,862-290-7703,1/9/2001,Peterus Glascott,871-267-5276
90,Danny,McNellis,dmcnellis2h@mozilla.com,428-358-4555,9/7/2012,Danny McNellis,148-248-9139
91,Morris,Bockmaster,mbockmaster2i@webmd.com,205-423-6269,5/25/1999,Morris Bockmaster,390-571-4721
92,Leanna,Ponnsett,lponnsett2j@chicagotribune.com,930-247-3921,3/18/1993,Leanna Ponnsett,373-774-3464
93,Florencia,Sullivan,fsullivan2k@exblog.jp,537-853-2590,11/22/2013,Florencia Sullivan,406-733-8547
94,Lindi,Dragge,ldragge2l@php.net,848-688-8588,9/4/1998,Lindi Dragge,770-228-4726
95,Juliana,Leighton,jleighton2m@comcast.net,323-677-6023,12/19/2008,Juliana Leighton,400-816-4643
96,Rora,Sorsbie,rsorsbie2n@globo.com,475-640-3508,2/18/1993,Rora Sorsbie,816-325-0538
97,Madeline,McKinie,mmckinie2o@utexas.edu,704-151-1976,10/13/1994,Madeline McKinie,906-996-2550
98,Marcy,Smithen,msmithen2p@twitpic.com,583-449-7424,1/1/2015,Marcy Smithen,827-982-4490
99,Kylen,Stading,kstading2q@devhub.com,248-364-8020,5/30/1996,Kylen Stading,846-465-0627
100,Pavla,Lewins,plewins2r@ask.com,724-564-5701,8/16/1997,Pavla Lewins,607-323-5052
