1,Charmine,Silwood,csilwood0@phoca.cz,336-148-8647,3/9/1999,n/a
2,Curcio,Dampney,cdampney1@stanford.edu,112-612-2973,1/22/2014,Consumer Services
3,Maximo,Tabord,mtabord2@etsy.com,830-557-4846,11/26/2000,n/a
4,Ricca,Gershom,rgershom3@etsy.com,786-236-4970,11/26/2005,Consumer Services
5,Rafaello,Martindale,rmartindale4@instagram.com,120-361-4851,12/3/2009,Technology
6,Ketty,Langcastle,klangcastle5@list-manage.com,734-730-4099,10/30/2001,n/a
7,Dolores,Lauthian,dlauthian6@is.gd,265-955-2321,7/26/1999,Finance
8,Frances,Gullifant,fgullifant7@vistaprint.com,940-231-0548,12/8/1999,Health Care
9,Mandy,Bracegirdle,mbracegirdle8@smugmug.com,303-752-1169,11/7/2002,Public Utilities
10,Faustina,Wapplington,fwapplington9@twitpic.com,673-531-8380,8/30/2001,n/a
11,Dionysus,Gaukrodge,dgaukrodgea@ustream.tv,267-190-2615,2/1/2002,Finance
12,Ansell,Gammon,agammonb@liveinternet.ru,117-740-9603,12/14/1997,Health Care
13,Dur,Ouslem,douslemc@soup.io,172-641-3918,8/11/2007,Consumer Non-Durables
14,Benny,Le Huquet,blehuquetd@geocities.jp,430-546-4079,4/30/2000,Health Care
15,Brocky,Eastridge,beastridgee@japanpost.jp,670-823-8477,12/30/2015,Technology
16,Javier,Blewmen,jblewmenf@toplist.cz,283-526-2556,8/31/2012,Finance
17,Mari,Markie,mmarkieg@blogs.com,221-607-4048,4/3/2011,Transportation
18,Ladonna,Dowears,ldowearsh@wufoo.com,100-360-6393,10/12/2004,Health Care
19,Winifred,Firpi,wfirpii@army.mil,372-426-2625,6/24/2011,Health Care
20,Alexis,Humbles,ahumblesj@vistaprint.com,196-665-6868,2/14/1998,n/a
21,Teodoor,Heavens,theavensk@nhs.uk,848-627-0058,12/15/1995,Consumer Durables
22,Franky,Asprey,faspreyl@skyrock.com,116-177-1726,4/29/2015,Consumer Services
23,Thadeus,Dubois,tduboism@census.gov,397-751-6466,1/22/1998,Health Care
24,Nerissa,Wooddisse,nwooddissen@washingtonpost.com,363-692-8489,6/11/2006,Consumer Non-Durables
25,Tynan,Muffett,tmuffetto@sun.com,786-275-4338,11/5/2008,Health Care
26,Reube,Bigrigg,rbigriggp@angelfire.com,260-935-3706,8/20/2007,n/a
27,Anna-diana,Toope,atoopeq@google.co.jp,475-193-9746,8/27/2005,Consumer Services
28,Patsy,Tomaini,ptomainir@cbc.ca,414-131-6397,3/13/1990,Health Care
29,Electra,Rijkeseis,erijkeseiss@mapquest.com,206-265-6649,7/18/2005,Finance
30,Bond,Robun,brobunt@sohu.com,939-941-1828,12/8/2014,n/a
31,Romy,Gamon,rgamonu@ox.ac.uk,117-653-1802,9/29/2008,Finance
32,Hedvige,Hantusch,hhantuschv@naver.com,296-451-1024,8/28/1994,Miscellaneous
33,Sammy,Bambrugh,sbambrughw@hp.com,689-908-2733,11/1/2014,Technology
34,Yolanda,Hardi,yhardix@live.com,767-236-9062,9/10/2005,n/a
35,Rafaellle,Brawson,rbrawsony@engadget.com,886-782-3304,9/6/1995,Consumer Non-Durables
36,Meaghan,Stappard,mstappardz@cnet.com,225-320-2916,8/30/1990,Technology
37,Ephrem,Mc Corley,emccorley10@netscape.com,276-186-1055,2/5/2014,Basic Industries
38,Melvin,Lipp,mlipp11@amazon.com,538-310-5356,2/11/1997,Finance
39,Perry,Jecock,pjecock12@wikipedia.org,671-109-0971,7/18/1998,Capital Goods
40,Romonda,Prevett,rprevett13@flickr.com,699-119-6368,4/18/2005,Finance
41,Freddi,Rigmand,frigmand14@si.edu,456-453-2896,11/17/2009,Technology
42,Dulcea,Arnaudi,darnaudi15@storify.com,785-909-0283,5/13/2010,Capital Goods
43,Hussein,Giraux,hgiraux16@booking.com,987-450-4902,2/16/1999,Health Care
44,Emlyn,Pickervance,epickervance17@mysql.com,136-617-4885,9/5/1990,Transportation
45,Fleur,Tenniswood,ftenniswood18@lulu.com,886-232-6870,1/10/2010,Health Care
46,Clark,Morratt,cmorratt19@unicef.org,967-578-5797,12/7/2007,Public Utilities
47,Alexa,Jukes,ajukes1a@mail.ru,695-635-8580,8/21/2001,n/a
48,Meredeth,Castletine,mcastletine1b@wufoo.com,792-488-2983,8/25/2007,Capital Goods
49,Gardy,Quinnet,gquinnet1c@apache.org,705-617-1773,5/14/2005,n/a
50,Lettie,Waldren,lwaldren1d@delicious.com,332-627-4697,10/12/2004,Technology
51,Tobias,Gidley,tgidley1e@g.co,698-110-3162,3/9/2013,n/a
52,Tish,De Hailes,tdehailes1f@ft.com,758-374-3392,5/28/2000,Finance
53,Emmy,Beddall,ebeddall1g@apple.com,526-126-1159,12/23/2011,Consumer Services
54,Felipa,Scargle,fscargle1h@vimeo.com,607-623-0988,10/13/2003,Consumer Services
55,Darby,McClunaghan,dmcclunaghan1i@pinterest.com,343-590-3192,1/24/1991,Health Care
56,Osmond,Cubbinelli,ocubbinelli1j@digg.com,395-776-9503,11/25/2009,Public Utilities
57,Bebe,Deller,bdeller1k@google.com.au,318-169-0804,2/12/2000,Consumer Services
58,Celesta,Bartozzi,cbartozzi1l@issuu.com,429-436-7262,11/23/2006,n/a
59,Yelena,Ladson,yladson1m@about.com,579-725-3234,7/18/2010,Consumer Services
60,Haskel,Causby,hcausby1n@slideshare.net,124-554-2988,1/28/2000,Technology
61,Gerick,Lineham,glineham1o@sbwire.com,446-687-4049,6/23/2008,Consumer Services
62,Jeddy,MacKim,jmackim1p@issuu.com,618-914-9364,9/13/2015,Finance
63,Linnea,Balmann,lbalmann1q@skype.com,368-731-5838,3/18/2002,Transportation
64,Marne,Cuerdall,mcuerdall1r@parallels.com,320-840-5886,6/7/2002,Finance
65,Allister,Christoffe,achristoffe1s@blinklist.com,664-435-1793,5/29/2010,n/a
66,Alasdair,Avrahamoff,aavrahamoff1t@cdc.gov,814-448-4389,2/23/2014,Finance
67,Gayelord,Gregolin,ggregolin1u@japanpost.jp,198-185-8421,4/20/2014,Finance
68,Felice,Ruste,fruste1v@skype.com,324-564-4829,12/11/1996,n/a
69,Welsh,Glasbey,wglasbey1w@hud.gov,510-549-5577,7/29/1993,Health Care
70,Avrit,Sawers,asawers1x@tumblr.com,420-134-5754,4/30/2015,Consumer Durables
71,Krystyna,Austing,kausting1y@soup.io,228-882-8359,4/12/2010,Health Care
72,Gusty,McSkeagan,gmcskeagan1z@myspace.com,857-830-2490,10/1/2008,Consumer Services
73,Wilek,Corker,wcorker20@discovery.com,331-135-4138,6/12/2014,Technology
74,Raffarty,Bardwell,rbardwell21@samsung.com,597-699-5456,1/15/2012,Miscellaneous
75,Ogdan,Bubb,obubb22@etsy.com,227-789-7515,11/11/2010,Technology
76,Jorry,Bretton,jbretton23@loc.gov,539-654-7336,1/5/1994,Consumer Services
77,Jamey,Jaray,jjaray24@multiply.com,240-974-5337,1/26/1992,Finance
78,Nealon,Brasse,nbrasse25@ucla.edu,259-458-8168,5/30/1999,Finance
79,Estelle,Bigly,ebigly26@hp.com,833-481-3970,1/14/2005,Finance
80,Silvio,Tanslie,stanslie27@quantcast.com,687-813-2689,11/17/1993,n/a
81,Rivi,Hugonin,rhugonin28@cargocollective.com,228-704-8776,1/30/2013,Public Utilities
82,Dino,Tully,dtully29@netvibes.com,504-911-0190,11/18/2014,Consumer Non-Durables
83,Travis,Drakes,tdrakes2a@nydailynews.com,204-618-5877,9/20/2000,Consumer Services
84,Barbi,Peoples,bpeoples2b@imgur.com,906-551-9409,11/24/2012,Health Care
85,Verine,Taunton,vtaunton2c@pen.io,304-310-8507,2/18/1992,Health Care
86,Kaylee,Amps,kamps2d@reverbnation.com,518-286-1957,8/14/1998,Consumer Services
87,Shannon,Bestman,sbestman2e@pen.io,792-375-6259,12/8/2008,Consumer Services
88,Belinda,Kupka,bkupka2f@opensource.org,794-868-3662,2/4/2009,Finance
89,Bea,Knoles,bknoles2g@sphinn.com,413-524-7250,10/12/2003,n/a
90,Ondrea,Pentelo,opentelo2h@narod.ru,169-727-8509,10/29/2012,Capital Goods
91,Tobias,Pollitt,tpollitt2i@tiny.cc,432-944-7806,1/4/1993,Finance
92,Betteann,Kures,bkures2j@un.org,878-233-9250,2/15/1994,Miscellaneous
93,Denys,Butters,dbutters2k@washingtonpost.com,272-781-1023,9/2/2009,Finance
94,Holt,Kinworthy,hkinworthy2l@google.de,683-801-8528,4/2/2001,Health Care
95,Arabella,Greenhalgh,agreenhalgh2m@noaa.gov,372-538-2361,7/28/1994,Health Care
96,Nikos,Bendall,nbendall2n@alibaba.com,775-679-0838,10/3/2008,n/a
97,Padraic,Beurich,pbeurich2o@jalbum.net,805-240-4961,6/24/2010,Public Utilities
98,Marja,Wiggam,mwiggam2p@aboutads.info,232-763-3985,12/23/1990,Health Care
99,Antoinette,Dunbavin,adunbavin2q@deviantart.com,788-235-1352,5/15/2015,Technology
100,Mahmud,MacAughtrie,mmacaughtrie2r@symantec.com,571-919-0500,5/31/1999,Finance
